-- Functional seed data for local MySQL.
-- Password note: prefer creating users through auth-service APIs so BCrypt hashes are generated by the application.
-- This script seeds reference/lookup and tenant sample data for DB validation.

CREATE DATABASE IF NOT EXISTS rbf_org_db;
CREATE DATABASE IF NOT EXISTS rbf_auth_db;
CREATE DATABASE IF NOT EXISTS rbf_product_db;
CREATE DATABASE IF NOT EXISTS rbf_inventory_db;
CREATE DATABASE IF NOT EXISTS rbf_billing_db;
CREATE DATABASE IF NOT EXISTS rbf_payment_db;
CREATE DATABASE IF NOT EXISTS rbf_accounting_db;
CREATE DATABASE IF NOT EXISTS rbf_report_db;
CREATE DATABASE IF NOT EXISTS rbf_tax_db;

USE rbf_org_db;
INSERT INTO organizations
    (id, org_id, name, code, business_type, gstin, pan_number, email, phone, address, city, state, country, pincode, created_at, updated_at)
VALUES
    (101, 101, 'Functional Org A', 'FUNC-A', 'RETAIL', '29ABCDE1234F1Z5', 'ABCDE1234F', 'orga.functional@example.com', '9000000001', 'Main Road 1', 'Bengaluru', 'KA', 'INDIA', '560001', NOW(), NOW()),
    (202, 202, 'Functional Org B', 'FUNC-B', 'RETAIL', '27ABCDE1234F1Z5', 'ABCDE1234G', 'orgb.functional@example.com', '9000000002', 'Market Road 2', 'Mumbai', 'MH', 'INDIA', '400001', NOW(), NOW())
ON DUPLICATE KEY UPDATE name = VALUES(name), email = VALUES(email), updated_at = NOW();

USE rbf_auth_db;
INSERT INTO permissions (id, permission_code, permission_name, module_name, description, active)
VALUES
    (1, 'PRODUCT_CREATE', 'Create Product', 'PRODUCT', 'Create products', true),
    (2, 'PRODUCT_UPDATE', 'Update Product', 'PRODUCT', 'Update products', true),
    (3, 'PRODUCT_DELETE', 'Delete Product', 'PRODUCT', 'Deactivate products', true),
    (4, 'PRODUCT_VIEW', 'View Product', 'PRODUCT', 'View products', true),
    (5, 'BILLING_CREATE', 'Create Billing', 'BILLING', 'Create invoices', true),
    (6, 'BILLING_VIEW', 'View Billing', 'BILLING', 'View invoices', true),
    (7, 'INVENTORY_UPDATE', 'Update Inventory', 'INVENTORY', 'Adjust stock', true),
    (8, 'REPORT_VIEW', 'View Reports', 'REPORT', 'View reports', true),
    (9, 'ACCOUNTING_VIEW', 'View Accounting', 'ACCOUNTING', 'View accounting and tax settings', true),
    (10, 'USER_MANAGE', 'Manage Users', 'AUTH', 'Manage users and roles', true)
ON DUPLICATE KEY UPDATE permission_name = VALUES(permission_name), active = true;

INSERT INTO roles (id, org_id, role_name, role_level, parent_role_id, active)
VALUES
    (1011, 101, 'SUPER_ADMIN', 1, NULL, true),
    (1012, 101, 'ADMIN', 2, 1011, true),
    (1013, 101, 'MANAGER', 3, 1012, true),
    (1014, 101, 'CASHIER', 4, 1013, true),
    (2021, 202, 'SUPER_ADMIN', 1, NULL, true),
    (2022, 202, 'ADMIN', 2, 2021, true),
    (2023, 202, 'MANAGER', 3, 2022, true),
    (2024, 202, 'CASHIER', 4, 2023, true)
ON DUPLICATE KEY UPDATE role_level = VALUES(role_level), parent_role_id = VALUES(parent_role_id), active = true;

INSERT IGNORE INTO role_permissions (role_id, permission_id)
VALUES
    (1011, 1), (1011, 2), (1011, 3), (1011, 4), (1011, 5), (1011, 6), (1011, 7), (1011, 8), (1011, 9), (1011, 10),
    (1012, 1), (1012, 2), (1012, 3), (1012, 4), (1012, 5), (1012, 6), (1012, 7), (1012, 8), (1012, 9), (1012, 10),
    (1013, 4), (1013, 6), (1013, 7), (1013, 8),
    (1014, 4), (1014, 5), (1014, 6),
    (2021, 1), (2021, 2), (2021, 3), (2021, 4), (2021, 5), (2021, 6), (2021, 7), (2021, 8), (2021, 9), (2021, 10),
    (2022, 1), (2022, 2), (2022, 3), (2022, 4), (2022, 5), (2022, 6), (2022, 7), (2022, 8), (2022, 9), (2022, 10),
    (2023, 4), (2023, 6), (2023, 7), (2023, 8),
    (2024, 4), (2024, 5), (2024, 6);

INSERT INTO users (id, org_id, username, full_name, email, phone, password)
VALUES
    (101001, 101, 'admin_a', 'Functional Admin A', 'admin.a@example.com', '9000000101', '$2a$10$HT5YEPBzikeaDUXVpOTBnOAzKeYvx0nNMfbyuS91KD/9o6B/U6zei'),
    (202001, 202, 'admin_b', 'Functional Admin B', 'admin.b@example.com', '9000000202', '$2a$10$HT5YEPBzikeaDUXVpOTBnOAzKeYvx0nNMfbyuS91KD/9o6B/U6zei')
ON DUPLICATE KEY UPDATE email = VALUES(email), password = VALUES(password);

INSERT IGNORE INTO user_roles (org_id, user_id, role_id)
VALUES
    (101, 101001, 1012),
    (202, 202001, 2022);

USE rbf_product_db;
INSERT INTO product_categories (id, org_id, name, hsn_sac_code, active, created_at, updated_at)
VALUES
    (1001, 101, 'Functional Grocery A', '1001', true, NOW(), NOW()),
    (2001, 202, 'Functional Grocery B', '1001', true, NOW(), NOW())
ON DUPLICATE KEY UPDATE name = VALUES(name), updated_at = NOW();

INSERT INTO products (id, org_id, sku, barcode, name, price, gst, category_id, hsn_sac_code, low_stock_threshold, active, created_at, updated_at)
VALUES
    (10001, 101, 'FUNC-A-RICE', '890100000001', 'Functional Rice A', 100.00, 5.00, 1001, '1001', 5, true, NOW(), NOW()),
    (20001, 202, 'FUNC-B-RICE', '890200000001', 'Functional Rice B', 120.00, 5.00, 2001, '1001', 5, true, NOW(), NOW())
ON DUPLICATE KEY UPDATE price = VALUES(price), gst = VALUES(gst), updated_at = NOW();

USE rbf_inventory_db;
INSERT INTO inventory (id, org_id, product_id, store_code, quantity, low_stock_threshold, expiry_date, created_at, updated_at)
VALUES
    (10001, 101, 10001, 'MAIN', 50, 5, NULL, NOW(), NOW()),
    (20001, 202, 20001, 'MAIN', 60, 5, NULL, NOW(), NOW())
ON DUPLICATE KEY UPDATE quantity = VALUES(quantity), updated_at = NOW();

USE rbf_tax_db;
INSERT INTO tax_countries (id, country_code, country_name, currency_code, active)
VALUES
    (1, 'INDIA', 'India', 'INR', true),
    (2, 'UK', 'United Kingdom', 'GBP', true),
    (3, 'USA', 'United States', 'USD', true)
ON DUPLICATE KEY UPDATE active = true;

INSERT INTO tax_regions (id, country_code, region_code, region_name, active)
VALUES
    (1, 'INDIA', 'KA', 'Karnataka', true),
    (2, 'INDIA', 'MH', 'Maharashtra', true)
ON DUPLICATE KEY UPDATE active = true;

INSERT INTO tax_regimes (id, country_code, regime_name, regime_type, active)
VALUES
    (1, 'INDIA', 'India GST', 'GST', true)
ON DUPLICATE KEY UPDATE active = true;

INSERT INTO tax_slabs (id, org_id, country_code, region_code, tax_regime_id, tax_name, tax_type, tax_rate, hsn_sac_code, product_category_id, effective_from, effective_to, active, created_at, updated_at)
VALUES
    (10101, 101, 'INDIA', 'KA', 1, 'CGST 2.5%', 'CGST', 2.5000, '1001', 1001, '2026-01-01', NULL, true, NOW(), NOW()),
    (10102, 101, 'INDIA', 'KA', 1, 'SGST 2.5%', 'SGST', 2.5000, '1001', 1001, '2026-01-01', NULL, true, NOW(), NOW()),
    (10103, 101, 'INDIA', NULL, 1, 'IGST 5%', 'IGST', 5.0000, '1001', 1001, '2026-01-01', NULL, true, NOW(), NOW())
ON DUPLICATE KEY UPDATE tax_rate = VALUES(tax_rate), active = true, updated_at = NOW();

USE rbf_payment_db;
-- Payments are created by functional API flows.

USE rbf_billing_db;
-- Invoices and invoice_items are created by functional API flows.

USE rbf_accounting_db;
-- Ledger entries are created by billing/accounting API flows.
